dayno,dow,sums1,sums2,cc
7,2,0,533,90
8,3,0,518,78
9,4,0,534,85
10,5,0,540,75
11,6,0,549,57
12,0,0,544,61
13,1,0,516,76
14,2,533,522,73
15,3,518,505,80
16,4,534,507,93
17,5,540,515,52
18,6,549,492,46
19,0,544,481,69
20,1,516,489,47
21,2,522,460,91
22,3,505,478,78
23,4,507,476,81
24,5,515,464,72
25,6,492,484,66
26,0,481,504,74
27,1,489,509,78
28,2,460,540,97
29,3,478,546,72
30,4,476,540,78
31,5,464,537,88
32,6,484,553,52
33,0,504,539,77
34,1,509,542,51
35,2,540,515,86
36,3,546,504,78
37,4,540,510,106
38,5,537,538,64
39,6,553,514,61
40,0,539,523,87
41,1,542,533,76
42,2,515,558,84
43,3,504,556,53
44,4,510,531,79
45,5,538,504,78
46,6,514,518,69
47,0,523,526,78
48,1,533,517,89
49,2,558,530,78
50,3,556,524,66
51,4,531,537,65
52,5,504,523,65
53,6,518,510,71
54,0,526,512,78
55,1,517,512,80
56,2,530,503,77
57,3,524,502,85
58,4,537,521,97
59,5,523,553,95
60,6,510,583,53
61,0,512,565,83
62,1,512,570,74
63,2,503,564,74
64,3,502,561,72
65,4,521,548,101
66,5,553,552,76
67,6,583,533,61
68,0,565,541,80
69,1,570,538,84
70,2,564,548,97
71,3,561,571,70
72,4,548,569,82
73,5,552,550,79
74,6,533,553,79
75,0,541,571,80
76,1,538,571,78
77,2,548,565,37
78,3,571,505,91
79,4,569,526,120
80,5,550,564,67
81,6,553,552,78
82,0,571,551,100
83,1,571,571,87
84,2,565,580,76
85,3,505,619,71
86,4,526,599,95
87,5,564,574,90
88,6,552,597,85
89,0,551,604,79
90,1,571,583,83
91,2,580,579,81
92,3,619,584,82
93,4,599,595,91
94,5,574,591,100
95,6,597,601,62
96,0,604,578,65
97,1,583,564,88
98,2,579,569,91
99,3,584,579,90
100,4,595,587,82
101,5,591,578,62
102,6,601,540,95
103,0,578,573,85
104,1,564,593,72
105,2,569,577,72
106,3,579,558,71
107,4,587,539,85
108,5,578,542,70
109,6,540,550,67
110,0,573,522,76
111,1,593,513,81
112,2,577,522,76
113,3,558,526,79
114,4,539,534,99
115,5,542,548,88
116,6,550,566,66
117,0,522,565,66
118,1,513,555,70
119,2,522,544,84
120,3,526,552,72
121,4,534,545,67
122,5,548,513,57
123,6,566,482,58
124,0,565,474,83
125,1,555,491,75
126,2,544,496,68
127,3,552,480,66
128,4,545,474,65
129,5,513,472,64
130,6,482,479,64
131,0,474,485,80
132,1,491,482,83
133,2,496,490,88
134,3,480,510,84
135,4,474,528,93
136,5,472,556,55
137,6,479,547,62
138,0,485,545,54
139,1,482,519,64
140,2,490,500,67
141,3,510,479,69
142,4,528,464,66
143,5,556,437,71
144,6,547,453,51
145,0,545,442,77
146,1,519,465,93
147,2,500,494,52
148,3,479,479,77
149,4,464,487,74
150,5,437,495,84
151,6,453,508,84
152,0,442,541,80
153,1,465,544,78
154,2,494,529,65
155,3,479,542,61
156,4,487,526,81
157,5,495,533,64
158,6,508,513,69
159,0,541,498,73
160,1,544,491,70
161,2,529,483,79
162,3,542,497,75
163,4,526,511,91
164,5,533,521,63
165,6,513,520,49
166,0,498,500,71
167,1,491,498,78
168,2,483,506,65
169,3,497,492,81
170,4,511,498,85
171,5,521,492,68
172,6,520,497,45
173,0,500,493,84
174,1,498,506,77
175,2,506,505,89
176,3,492,529,87
177,4,498,535,72
178,5,492,522,66
179,6,497,520,88
180,0,493,563,66
181,1,506,545,93
182,2,505,561,81
183,3,529,553,91
184,4,535,557,82
185,5,522,567,72
186,6,520,573,64
187,0,563,549,97
188,1,545,580,71
189,2,561,558,68
190,3,553,545,69
191,4,557,523,103
192,5,567,544,68
193,6,573,540,81
194,0,549,557,79
195,1,580,539,88
196,2,558,556,78
197,3,545,566,85
198,4,523,582,61
199,5,544,540,74
200,6,540,546,70
201,0,557,535,91
202,1,539,547,66
203,2,556,525,83
204,3,566,530,63
205,4,582,508,85
206,5,540,532,69
207,6,546,527,41
208,0,535,498,61
209,1,547,468,79
210,2,525,481,68
211,3,530,466,85
212,4,508,488,90
213,5,532,493,71
214,6,527,495,60
215,0,498,514,59
216,1,468,512,78
217,2,481,511,65
218,3,466,508,84
219,4,488,507,94
220,5,493,511,86
221,6,495,526,76
222,0,514,542,78
223,1,512,561,60
224,2,511,543,72
225,3,508,550,100
226,4,507,566,74
227,5,511,546,58
228,6,526,518,78
229,0,542,520,71
230,1,561,513,63
231,2,543,516,87
232,3,550,531,91
233,4,566,522,83
234,5,546,531,72
235,6,518,545,103
236,0,520,570,73
237,1,513,572,64
238,2,516,573,67
239,3,531,553,83
240,4,522,545,57
241,5,531,519,62
242,6,545,509,85
243,0,570,491,72
244,1,572,490,60
245,2,573,486,67
246,3,553,486,46
247,4,545,449,86
248,5,519,478,66
249,6,509,482,82
250,0,491,479,52
251,1,490,459,71
252,2,486,470,68
253,3,486,471,104
254,4,449,529,89
255,5,478,532,71
256,6,482,537,73
257,0,479,528,74
258,1,459,550,77
259,2,470,556,83
260,3,471,571,94
261,4,529,561,83
262,5,532,555,79
263,6,537,563,48
264,0,528,538,74
265,1,550,538,86
266,2,556,547,82
267,3,571,546,77
268,4,561,529,92
269,5,555,538,70
270,6,563,529,53
271,0,538,534,66
272,1,538,526,74
273,2,547,514,119
274,3,546,551,78
275,4,529,552,77
276,5,538,537,54
277,6,529,521,83
278,0,534,551,58
279,1,526,543,57
280,2,514,526,57
281,3,551,464,67
282,4,552,453,77
283,5,537,453,97
284,6,521,496,90
285,0,551,503,59
286,1,543,504,60
287,2,526,507,59
288,3,464,509,79
289,4,453,521,73
290,5,453,517,78
291,6,496,498,69
292,0,503,477,80
293,1,504,498,88
294,2,507,526,85
295,3,509,552,66
296,4,521,539,93
297,5,517,559,70
298,6,498,551,73
299,0,477,555,68
300,1,498,543,87
301,2,526,542,56
302,3,552,513,93
303,4,539,540,92
304,5,559,539,113
305,6,551,582,74
306,0,555,583,87
307,1,543,602,82
308,2,542,597,66
309,3,513,607,72
310,4,540,586,83
311,5,539,577,75
312,6,582,539,48
313,0,583,513,65
314,1,602,491,70
315,2,597,479,86
316,3,607,499,82
317,4,586,509,75
318,5,577,501,91
319,6,539,517,58
320,0,513,527,67
321,1,491,529,72
322,2,479,531,73
323,3,499,518,88
324,4,509,524,75
325,5,501,524,54
326,6,517,487,61
327,0,527,490,69
328,1,529,492,85
329,2,531,505,70
330,3,518,502,53
331,4,524,467,85
332,5,524,477,55
333,6,487,478,64
334,0,490,481,83
335,1,492,495,64
336,2,505,474,52
337,3,502,456,67
338,4,467,470,69
339,5,477,454,63
340,6,478,462,53
341,0,481,451,61
342,1,495,429,48
343,2,474,413,67
344,3,456,428,72
345,4,470,433,96
346,5,454,460,58
347,6,462,455,43
348,0,451,445,63
349,1,429,447,55
350,2,413,454,61
351,3,428,448,67
352,4,433,443,62
353,5,460,409,63
354,6,455,414,57
355,0,445,428,72
356,1,447,437,56
357,2,454,438,66
358,3,448,443,40
359,4,443,416,60
360,5,409,414,66
361,6,414,417,53
362,0,428,413,66
363,1,437,407,77
364,2,438,428,76
365,3,443,438,91
366,4,416,489,67
367,5,414,496,58
368,6,417,488,49
369,0,413,484,64
370,1,407,482,70
371,2,428,475,84
372,3,438,483,46
373,4,489,438,87
374,5,496,458,78
375,6,488,478,72
376,0,484,501,70
377,1,482,507,84
378,2,475,521,76
379,3,483,513,84
380,4,438,551,99
381,5,458,563,89
382,6,478,574,61
383,0,501,563,75
384,1,507,568,63
385,2,521,547,79
386,3,513,550,71
387,4,551,537,103
388,5,563,541,71
389,6,574,523,54
390,0,563,516,75
391,1,568,516,81
392,2,547,534,80
393,3,550,535,93
394,4,537,557,84
395,5,541,538,72
396,6,523,539,65
397,0,516,550,58
398,1,516,533,69
399,2,534,521,66
400,3,535,507,64
401,4,557,478,82
402,5,538,476,54
403,6,539,458,76
404,0,550,469,60
405,1,533,471,71
406,2,521,473,74
407,3,507,481,81
408,4,478,498,83
409,5,476,499,80
410,6,458,525,55
411,0,469,504,63
412,1,471,507,72
413,2,473,508,76
414,3,481,510,71
415,4,498,500,70
416,5,499,487,64
417,6,525,471,59
418,0,504,475,83
419,1,507,495,56
420,2,508,479,62
421,3,510,465,86
422,4,500,480,88
423,5,487,498,60
424,6,471,494,65
425,0,475,500,87
426,1,495,504,69
427,2,479,517,62
428,3,465,517,89
429,4,480,520,100
430,5,498,532,70
431,6,494,542,80
432,0,500,557,59
433,1,504,529,95
434,2,517,555,79
435,3,517,572,64
436,4,520,547,88
437,5,532,535,75
438,6,542,540,63
439,0,557,523,61
440,1,529,525,80
441,2,555,510,79
442,3,572,510,65
443,4,547,511,61
444,5,535,484,71
445,6,540,480,59
446,0,523,476,68
447,1,525,483,78
448,2,510,481,85
449,3,510,487,74
450,4,511,496,79
451,5,484,514,72
452,6,480,515,77
453,0,476,533,61
454,1,483,526,57
455,2,481,505,71
456,3,487,491,93
457,4,496,510,85
458,5,514,516,83
459,6,515,527,61
460,0,533,511,86
461,1,526,536,85
462,2,505,564,58
463,3,491,551,83
464,4,510,541,100
465,5,516,556,68
466,6,527,541,74
467,0,511,554,68
468,1,536,536,76
469,2,564,527,69
470,3,551,538,66
471,4,541,521,81
472,5,556,502,82
473,6,541,516,63
474,0,554,505,68
475,1,536,505,66
476,2,527,495,70
477,3,538,496,73
478,4,521,503,87
479,5,502,509,103
480,6,516,530,72
481,0,505,539,76
482,1,505,547,63
483,2,495,544,73
484,3,496,547,71
485,4,503,545,69
486,5,509,527,89
487,6,530,513,76
488,0,539,517,58
489,1,547,499,83
490,2,544,519,61
491,3,547,507,91
492,4,545,527,83
493,5,527,541,78
494,6,513,530,65
495,0,517,519,62
496,1,499,523,65
497,2,519,505,87
498,3,507,531,75
499,4,527,515,83
500,5,541,515,74
501,6,530,511,94
502,0,519,540,88
503,1,523,566,68
504,2,505,569,87
505,3,531,569,85
506,4,515,579,79
507,5,515,575,106
508,6,511,607,68
509,0,540,581,80
510,1,566,573,74
511,2,569,579,80
512,3,569,572,72
513,4,579,559,80
514,5,575,560,70
515,6,607,524,66
516,0,581,522,77
517,1,573,519,99
518,2,579,544,70
519,3,572,534,75
520,4,559,537,98
521,5,560,555,101
522,6,524,586,77
523,0,522,597,68
524,1,519,588,56
525,2,544,545,69
526,3,534,544,84
527,4,537,553,83
528,5,555,538,109
529,6,586,546,73
530,0,597,542,86
531,1,588,560,72
532,2,545,576,58
533,3,544,565,71
534,4,553,552,104
535,5,538,573,93
536,6,546,557,77
537,0,542,561,79
538,1,560,554,83
539,2,576,565,80
540,3,565,587,76
541,4,552,592,97
542,5,573,585,68
543,6,557,560,101
544,0,561,584,78
545,1,554,583,83
546,2,565,583,55
547,3,587,558,88
548,4,592,570,102
549,5,585,575,93
550,6,560,600,81
551,0,584,580,77
552,1,583,579,90
553,2,583,586,91
554,3,558,622,70
555,4,570,604,72
556,5,575,574,74
557,6,600,555,76
558,0,580,550,90
559,1,579,563,77
560,2,586,550,55
561,3,622,514,94
562,4,604,538,78
563,5,574,544,85
564,6,555,555,76
565,0,550,555,69
566,1,563,534,68
567,2,550,525,80
568,3,514,550,82
569,4,538,538,76
570,5,544,536,68
571,6,555,519,74
572,0,555,517,69
573,1,534,517,89
574,2,525,538,66
575,3,550,524,86
576,4,538,528,82
577,5,536,534,52
578,6,519,518,102
579,0,517,546,70
580,1,517,547,79
581,2,538,537,82
582,3,524,553,83
583,4,528,550,79
584,5,534,547,79
585,6,518,574,59
586,0,546,531,58
587,1,547,519,86
588,2,537,526,82
589,3,553,526,80
590,4,550,523,87
591,5,547,531,60
592,6,574,512,68
593,0,531,521,60
594,1,519,523,54
595,2,526,491,91
596,3,526,500,73
597,4,523,493,73
598,5,531,479,83
599,6,512,502,54
600,0,521,488,64
601,1,523,492,69
602,2,491,507,76
603,3,500,492,69
604,4,493,488,80
605,5,479,495,90
606,6,502,502,78
607,0,488,526,76
608,1,492,538,79
609,2,507,548,101
610,3,492,573,60
611,4,488,564,71
612,5,495,555,78
613,6,502,543,65
614,0,526,530,69
615,1,538,523,73
616,2,548,517,59
617,3,573,475,63
618,4,564,478,84
619,5,555,491,68
620,6,543,481,93
621,0,530,509,65
622,1,523,505,60
623,2,517,492,70
624,3,475,503,70
625,4,478,510,65
626,5,491,491,75
627,6,481,498,64
628,0,509,469,57
629,1,505,461,65
630,2,492,466,62
631,3,503,458,102
632,4,510,490,90
633,5,491,515,91
634,6,498,531,93
635,0,469,560,47
636,1,461,550,67
637,2,466,552,63
638,3,458,553,66
639,4,490,517,100
640,5,515,527,63
641,6,531,499,57
642,0,560,463,69
643,1,550,485,66
644,2,552,484,82
645,3,553,503,54
646,4,517,491,83
647,5,527,474,70
648,6,499,481,65
649,0,463,489,64
650,1,485,484,81
651,2,484,499,75
652,3,503,492,75
653,4,491,513,79
654,5,474,509,86
655,6,481,525,52
656,0,489,512,77
657,1,484,525,67
658,2,499,511,75
659,3,492,511,67
660,4,513,503,70
661,5,509,494,70
662,6,525,478,76
663,0,512,502,56
664,1,525,481,75
665,2,511,489,59
666,3,511,473,58
667,4,503,464,81
668,5,494,475,59
669,6,478,464,88
670,0,502,476,80
671,1,481,500,96
672,2,489,521,72
673,3,473,534,50
674,4,464,526,61
675,5,475,506,82
676,6,464,529,85
677,0,476,526,67
678,1,500,513,52
679,2,521,469,56
680,3,534,453,55
681,4,526,458,70
682,5,506,467,87
683,6,529,472,75
684,0,526,462,61
685,1,513,456,79
686,2,469,483,61
687,3,453,488,60
688,4,458,493,82
689,5,467,505,74
690,6,472,492,78
691,0,462,495,74
692,1,456,508,61
693,2,483,490,73
694,3,488,502,41
695,4,493,483,57
696,5,505,458,52
697,6,492,436,52
698,0,495,410,59
699,1,508,395,52
700,2,490,386,84
701,3,502,397,65
702,4,483,421,81
703,5,458,445,78
704,6,436,471,52
705,0,410,471,73
706,1,395,485,67
707,2,386,500,60
708,3,397,476,57
709,4,421,468,62
710,5,445,449,58
711,6,471,429,55
712,0,471,432,62
713,1,485,421,77
714,2,500,431,82
715,3,476,453,73
716,4,468,469,70
717,5,449,477,79
718,6,429,498,76
719,0,432,519,62
720,1,421,519,67
721,2,431,509,82
722,3,453,509,73
723,4,469,509,57
724,5,477,496,42
725,6,498,459,46
726,0,519,429,44
727,1,519,411,50
728,2,509,394,60
729,3,509,372,54
730,4,509,353,64
731,5,496,360,89
732,6,459,407,68
733,0,429,429,64
734,1,411,449,66
735,2,394,465,63
736,3,372,468,69
737,4,353,483,59
738,5,360,478,85
739,6,407,474,76
740,0,429,482,74
741,1,449,492,69
742,2,465,495,62
743,3,468,494,62
744,4,483,487,71
745,5,478,499,72
746,6,474,486,56
747,0,482,466,40
748,1,492,432,79
749,2,495,442,88
750,3,494,468,66
751,4,487,472,88
752,5,499,489,76
753,6,486,493,63
754,0,466,500,60
755,1,432,520,58
756,2,442,499,71
757,3,468,482,81
758,4,472,497,82
759,5,489,491,81
760,6,493,496,60
761,0,500,493,75
762,1,520,508,99
763,2,499,549,51
764,3,482,529,72
765,4,497,520,79
766,5,491,517,59
767,6,496,495,63
768,0,493,498,56
769,1,508,479,80
770,2,549,460,53
771,3,529,462,66
772,4,520,456,71
773,5,517,448,70
774,6,495,459,64
775,0,498,460,65
776,1,479,469,59
777,2,460,448,62
778,3,462,457,69
779,4,456,460,66
780,5,448,455,46
781,6,459,431,58
782,0,460,425,48
783,1,469,408,64
784,2,448,413,72
785,3,457,423,73
786,4,460,427,88
787,5,455,449,75
788,6,431,478,43
789,0,425,463,58
790,1,408,473,80
791,2,413,489,75
792,3,423,492,58
793,4,427,477,75
794,5,449,464,80
795,6,478,469,56
796,0,463,482,59
797,1,473,483,68
798,2,489,471,72
799,3,492,468,81
800,4,477,491,68
801,5,464,484,76
802,6,469,480,58
803,0,482,482,62
804,1,483,485,66
805,2,471,483,64
806,3,468,475,87
807,4,491,481,78
808,5,484,491,72
809,6,480,487,71
810,0,482,500,63
811,1,485,501,68
812,2,483,503,66
813,3,475,505,82
814,4,481,500,76
815,5,491,498,60
816,6,487,486,60
817,0,500,475,66
818,1,501,478,68
819,2,503,478,87
820,3,505,499,59
821,4,500,476,72
822,5,498,472,56
823,6,486,468,61
824,0,475,469,73
825,1,478,476,86
826,2,478,494,74
827,3,499,481,67
828,4,476,489,64
829,5,472,481,79
830,6,468,504,50
831,0,469,493,67
832,1,476,487,80
833,2,494,481,93
834,3,481,500,84
835,4,489,517,77
836,5,481,530,65
837,6,504,516,61
838,0,493,527,87
839,1,487,547,69
840,2,481,536,70
841,3,500,513,85
842,4,517,514,80
843,5,530,517,77
844,6,516,529,72
845,0,527,540,68
846,1,547,521,77
847,2,536,529,68
848,3,513,527,75
849,4,514,517,85
850,5,517,522,73
851,6,529,518,79
852,0,540,525,67
853,1,521,524,61
854,2,529,508,74
855,3,527,514,108
856,4,517,547,103
857,5,522,565,82
858,6,518,574,62
859,0,525,557,58
860,1,524,548,84
861,2,508,571,66
862,3,514,563,98
863,4,547,553,86
864,5,565,536,86
865,6,574,540,80
866,0,557,558,83
867,1,548,583,55
868,2,571,554,58
869,3,563,546,83
870,4,553,531,95
871,5,536,540,89
872,6,540,543,77
873,0,558,540,56
874,1,583,513,86
875,2,554,544,85
876,3,546,571,72
877,4,531,560,96
878,5,540,561,95
879,6,543,567,88
880,0,540,578,80
881,1,513,602,48
882,2,544,564,104
883,3,571,583,69
884,4,560,580,84
885,5,561,568,83
886,6,567,556,65
887,0,578,533,64
888,1,602,517,62
889,2,564,531,64
890,3,583,491,68
891,4,580,490,91
892,5,568,497,60
893,6,556,474,77
894,0,533,486,84
895,1,517,506,70
896,2,531,514,49
897,3,491,499,75
898,4,490,506,86
899,5,497,501,83
900,6,474,524,72
901,0,486,519,75
902,1,506,510,86
903,2,514,526,85
904,3,499,562,91
905,4,506,578,73
906,5,501,565,77
907,6,524,559,87
908,0,519,574,61
909,1,510,560,87
910,2,526,561,70
911,3,562,546,86
912,4,578,541,105
913,5,565,573,72
914,6,559,568,73
915,0,574,554,83
916,1,560,576,72
917,2,561,561,77
918,3,546,568,85
919,4,541,567,98
920,5,573,560,76
921,6,568,564,73
922,0,554,564,59
923,1,576,540,69
924,2,561,537,83
925,3,568,543,85
926,4,567,543,86
927,5,560,531,85
928,6,564,540,74
929,0,564,541,88
930,1,540,570,74
931,2,537,575,88
932,3,543,580,79
933,4,543,574,99
934,5,531,587,88
935,6,540,590,75
936,0,541,591,77
937,1,570,580,77
938,2,575,583,97
939,3,580,592,92
940,4,574,605,96
941,5,587,602,94
942,6,590,608,71
943,0,591,604,97
944,1,580,624,80
945,2,583,627,72
946,3,592,602,66
947,4,605,576,88
948,5,602,568,76
949,6,608,550,63
950,0,604,542,65
951,1,624,510,86
952,2,627,516,91
953,3,602,535,86
954,4,576,555,99
955,5,568,566,103
956,6,550,593,69
957,0,542,599,75
958,1,510,609,80
959,2,516,603,83
960,3,535,595,80
961,4,555,589,81
962,5,566,571,73
963,6,593,541,61
964,0,599,533,99
965,1,609,557,93
966,2,603,570,87
967,3,595,574,95
968,4,589,589,113
969,5,571,621,82
970,6,541,630,61
971,0,533,630,90
972,1,557,621,88
973,2,570,616,77
974,3,574,606,80
975,4,589,591,93
976,5,621,571,80
977,6,630,569,55
978,0,630,563,65
979,1,621,538,63
980,2,616,513,62
981,3,606,498,67
982,4,591,485,97
983,5,571,489,89
984,6,569,498,54
985,0,563,497,101
986,1,538,533,85
987,2,513,555,84
988,3,498,577,82
989,4,485,592,72
990,5,489,567,77
991,6,498,555,79
992,0,497,580,66
993,1,533,545,84
994,2,555,544,59
995,3,577,519,73
996,4,592,510,74
997,5,567,512,75
998,6,555,510,87
999,0,580,518,66
1000,1,545,518,89
1001,2,544,523,81
1002,3,519,545,89
1003,4,510,561,97
1004,5,512,584,129
1005,6,510,638,63
1006,0,518,614,72
1007,1,518,620,66
1008,2,523,597,79
1009,3,545,595,90
1010,4,561,596,82
1011,5,584,581,98
1012,6,638,550,69
1013,0,614,556,63
1014,1,620,547,80
1015,2,597,561,71
1016,3,595,553,70
1017,4,596,533,84
1018,5,581,535,76
1019,6,550,513,69
1020,0,556,513,82
1021,1,547,532,78
1022,2,561,530,59
1023,3,553,518,82
1024,4,533,530,84
1025,5,535,530,72
1026,6,513,526,54
1027,0,513,511,69
1028,1,532,498,77
1029,2,530,497,78
1030,3,518,516,77
1031,4,530,511,93
1032,5,530,520,64
1033,6,526,512,61
1034,0,511,519,94
1035,1,498,544,107
1036,2,497,574,74
1037,3,516,570,98
1038,4,511,591,69
1039,5,520,567,54
1040,6,512,557,60
1041,0,519,556,74
1042,1,544,536,75
1043,2,574,504,83
1044,3,570,513,75
1045,4,591,490,58
1046,5,567,479,77
1047,6,557,502,87
1048,0,556,529,59
1049,1,536,514,80
1050,2,504,519,76
1051,3,513,512,55
1052,4,490,492,89
1053,5,479,523,72
1054,6,502,518,66
1055,0,529,497,79
1056,1,514,517,65
1057,2,519,502,80
1058,3,512,506,68
1059,4,492,519,76
1060,5,523,506,73
1061,6,518,507,46
1062,0,497,487,73
1063,1,517,481,77
1064,2,502,493,80
1065,3,506,493,83
1066,4,519,508,70
1067,5,506,502,72
1068,6,507,501,49
1069,0,487,504,65
1070,1,481,496,63
1071,2,493,482,79
1072,3,493,481,78
1073,4,508,476,71
1074,5,502,477,57
1075,6,501,462,55
1076,0,504,468,69
1077,1,496,472,52
1078,2,482,461,65
1079,3,481,447,70
1080,4,476,439,76
1081,5,477,444,77
1082,6,462,464,54
1083,0,468,463,70
1084,1,472,464,59
1085,2,461,471,67
1086,3,447,473,73
1087,4,439,476,81
1088,5,444,481,72
1089,6,464,476,37
1090,0,463,459,66
1091,1,464,455,76
1092,2,471,472,73
1093,3,473,478,69
1094,4,476,474,80
1095,5,481,473,68
1096,6,476,469,113
1097,0,459,545,56
1098,1,455,535,66
1099,2,472,525,83
1100,3,478,535,74
1101,4,474,540,70
1102,5,473,530,66
1103,6,469,528,56
1104,0,545,471,70
1105,1,535,485,81
1106,2,525,500,78
1107,3,535,495,83
1108,4,540,504,85
1109,5,530,519,63
1110,6,528,516,63
1111,0,471,523,63
1112,1,485,516,66
1113,2,500,501,70
1114,3,495,493,83
1115,4,504,493,82
1116,5,519,490,70
1117,6,516,497,70
1118,0,523,504,86
1119,1,516,527,81
1120,2,501,542,71
1121,3,493,543,74
1122,4,493,534,79
1123,5,490,531,54
1124,6,497,515,54
1125,0,504,499,64
1126,1,527,477,63
1127,2,542,459,71
1128,3,543,459,64
1129,4,534,449,91
1130,5,531,461,61
1131,6,515,468,68
1132,0,499,482,71
1133,1,477,489,60
1134,2,459,486,80
1135,3,459,495,58
1136,4,449,489,88
1137,5,461,486,70
1138,6,468,495,63
1139,0,482,490,78
1140,1,489,497,60
1141,2,486,497,93
1142,3,495,510,75
1143,4,489,527,76
1144,5,486,515,77
1145,6,495,522,67
1146,0,490,526,85
1147,1,497,533,60
1148,2,497,533,80
1149,3,510,520,64
1150,4,527,509,98
1151,5,515,531,83
1152,6,522,537,60
1153,0,526,530,58
1154,1,533,503,68
1155,2,533,511,85
1156,3,520,516,60
1157,4,509,512,66
1158,5,531,480,52
1159,6,537,449,56
1160,0,530,445,66
1161,1,503,453,56
1162,2,511,441,85
1163,3,516,441,98
1164,4,512,479,76
1165,5,480,489,58
1166,6,449,495,68
1167,0,445,507,76
1168,1,453,517,64
1169,2,441,525,68
1170,3,441,508,77
1171,4,479,487,81
1172,5,489,492,83
1173,6,495,517,77
1174,0,507,526,71
1175,1,517,521,91
1176,2,525,548,75
1177,3,508,555,82
1178,4,487,560,84
1179,5,492,563,83
1180,6,517,563,72
1181,0,526,558,75
1182,1,521,562,75
1183,2,548,546,96
1184,3,555,567,78
1185,4,560,563,61
1186,5,563,540,92
1187,6,563,549,79
1188,0,558,556,83
1189,1,562,564,67
1190,2,546,556,75
1191,3,567,535,90
1192,4,563,547,70
1193,5,540,556,79
1194,6,549,543,77
1195,0,556,541,75
1196,1,564,533,77
1197,2,556,543,82
1198,3,535,550,58
1199,4,547,518,70
1200,5,556,518,84
1201,6,543,523,88
1202,0,541,534,78
1203,1,533,537,78
1204,2,543,538,86
1205,3,550,542,77
1206,4,518,561,89
1207,5,518,580,81
1208,6,523,577,89
1209,0,534,578,64
1210,1,537,564,79
1211,2,538,565,87
1212,3,542,566,84
1213,4,561,573,87
1214,5,580,571,84
1215,6,577,574,65
1216,0,578,550,91
1217,1,564,577,60
1218,2,565,558,59
1219,3,566,530,54
1220,4,573,500,67
1221,5,571,480,77
1222,6,574,473,62
1223,0,550,470,66
1224,1,577,445,88
1225,2,558,473,74
1226,3,530,488,76
1227,4,500,510,88
1228,5,480,531,70
1229,6,473,524,78
1230,0,470,540,90
1231,1,445,564,81
1232,2,473,557,76
1233,3,488,559,72
1234,4,510,555,82
1235,5,531,549,86
1236,6,524,565,92
1237,0,540,579,82
1238,1,564,571,77
1239,2,557,567,79
1240,3,559,570,84
1241,4,555,582,90
1242,5,549,590,80
1243,6,565,584,75
1244,0,579,567,59
1245,1,571,544,64
1246,2,567,531,69
1247,3,570,521,90
1248,4,582,527,68
1249,5,590,505,81
1250,6,584,506,82
1251,0,567,513,69
1252,1,544,523,61
1253,2,531,520,81
1254,3,521,532,74
1255,4,527,516,77
1256,5,505,525,74
1257,6,506,518,75
1258,0,513,511,61
1259,1,523,503,75
1260,2,520,517,91
1261,3,532,527,72
1262,4,516,525,71
1263,5,525,519,95
1264,6,518,540,76
1265,0,511,541,70
1266,1,503,550,75
1267,2,517,550,78
1268,3,527,537,65
1269,4,525,530,90
1270,5,519,549,72
1271,6,540,526,85
1272,0,541,535,88
1273,1,550,553,80
1274,2,550,558,80
1275,3,537,560,58
1276,4,530,553,65
1277,5,549,528,107
1278,6,526,563,67
1279,0,535,545,66
1280,1,553,523,73
1281,2,558,516,71
1282,3,560,507,68
1283,4,553,517,66
1284,5,528,518,70
1285,6,563,481,65
1286,0,545,479,61
1287,1,523,474,73
1288,2,516,474,67
1289,3,507,470,87
1290,4,517,489,67
1291,5,518,490,73
1292,6,481,493,76
1293,0,479,504,69
1294,1,474,512,76
1295,2,474,515,60
1296,3,470,508,89
1297,4,489,510,83
1298,5,490,526,71
1299,6,493,524,73
1300,0,504,521,68
1301,1,512,520,83
1302,2,515,527,68
1303,3,508,535,85
1304,4,510,531,78
1305,5,526,526,82
1306,6,524,537,83
1307,0,521,547,71
1308,1,520,550,94
1309,2,527,561,71
1310,3,535,564,90
1311,4,531,569,89
1312,5,526,580,69
1313,6,537,567,92
1314,0,547,576,77
1315,1,550,582,71
1316,2,561,559,69
1317,3,564,557,75
1318,4,569,542,91
1319,5,580,544,80
1320,6,567,555,81
1321,0,576,544,77
1322,1,582,544,88
1323,2,559,561,86
1324,3,557,578,85
1325,4,542,588,99
1326,5,544,596,98
1327,6,555,614,86
1328,0,544,619,67
1329,1,544,609,82
1330,2,561,603,79
1331,3,578,596,70
1332,4,588,581,81
1333,5,596,563,63
1334,6,614,528,70
1335,0,619,512,69
1336,1,609,514,67
1337,2,603,499,82
1338,3,596,502,74
1339,4,581,506,114
1340,5,563,539,74
1341,6,528,550,57
1342,0,512,537,78
1343,1,514,546,67
1344,2,499,546,64
1345,3,502,528,79
1346,4,506,533,79
1347,5,539,498,85
1348,6,550,509,68
1349,0,537,520,65
1350,1,546,507,71
1351,2,546,511,75
1352,3,528,522,76
1353,4,533,519,90
1354,5,498,530,71
1355,6,509,516,81
1356,0,520,529,67
1357,1,507,531,61
1358,2,511,521,65
1359,3,522,511,74
1360,4,519,509,73
1361,5,530,492,82
1362,6,516,503,62
1363,0,529,484,70
1364,1,531,487,61
1365,2,521,487,74
1366,3,511,496,52
1367,4,509,474,84
1368,5,492,485,62
1369,6,503,465,74
1370,0,484,477,75
1371,1,487,482,62
1372,2,487,483,55
1373,3,496,464,62
1374,4,474,474,107
1375,5,485,497,86
1376,6,465,521,67
1377,0,477,514,55
1378,1,482,494,84
1379,2,483,516,83
1380,3,464,544,73
1381,4,474,555,61
1382,5,497,509,72
1383,6,521,495,68
1384,0,514,496,60
1385,1,494,501,79
1386,2,516,496,69
1387,3,544,482,56
1388,4,555,465,72
1389,5,509,476,67
1390,6,495,471,51
1391,0,496,454,58
1392,1,501,452,92
1393,2,496,465,69
1394,3,482,465,58
1395,4,465,467,89
1396,5,476,484,71
1397,6,471,488,58
1398,0,454,495,60
1399,1,452,497,86
1400,2,465,491,73
1401,3,465,495,48
1402,4,467,485,48
1403,5,484,444,73
1404,6,488,446,69
1405,0,495,457,89
1406,1,497,486,74
1407,2,491,474,67
1408,3,495,468,68
1409,4,485,488,73
1410,5,444,513,76
1411,6,446,516,47
1412,0,457,494,70
1413,1,486,475,56
1414,2,474,457,52
1415,3,468,442,68
1416,4,488,442,80
1417,5,513,449,59
1418,6,516,432,64
1419,0,494,449,64
1420,1,475,443,75
1421,2,457,462,66
1422,3,442,476,50
1423,4,442,458,43
1424,5,449,421,56
1425,6,432,418,63
1426,0,449,417,58
1427,1,443,411,63
1428,2,462,399,61
1429,3,476,394,56
1430,4,458,400,91
1431,5,421,448,64
1432,6,418,456,70
1433,0,417,463,46
1434,1,411,451,69
1435,2,399,457,59
1436,3,394,455,59
1437,4,400,458,52
1438,5,448,419,68
1439,6,456,423,65
1440,0,463,418,70
1441,1,451,442,61
1442,2,457,434,60
1443,3,455,435,43
1444,4,458,419,80
1445,5,419,447,65
1446,6,423,444,57
1447,0,418,436,76
1448,1,442,442,52
1449,2,434,433,49
1450,3,435,422,75
1451,4,419,454,50
1452,5,447,424,68
1453,6,444,427,61
1454,0,436,431,44
1455,1,442,399,51
1456,2,433,398,56
1457,3,422,405,52
1458,4,454,382,68
1459,5,424,400,83
1460,6,427,415,73
1461,0,431,427,76
1462,1,399,459,72
1463,2,398,480,49
1464,3,405,473,66
1465,4,382,487,69
1466,5,400,488,75
1467,6,415,480,62
1468,0,427,469,56
1469,1,459,449,76
1470,2,480,453,79
1471,3,473,483,80
1472,4,487,497,72
1473,5,488,500,69
1474,6,480,494,60
1475,0,469,492,69
1476,1,449,505,68
1477,2,453,497,56
1478,3,483,474,66
1479,4,497,460,72
1480,5,500,460,63
1481,6,494,454,62
1482,0,492,456,61
1483,1,505,448,56
1484,2,497,436,52
1485,3,474,432,58
1486,4,460,424,57
1487,5,460,409,72
1488,6,454,418,57
1489,0,456,413,69
1490,1,448,421,62
1491,2,436,427,85
1492,3,432,460,76
1493,4,424,478,82
1494,5,409,503,78
1495,6,418,509,49
1496,0,413,501,61
1497,1,421,493,71
1498,2,427,502,74
1499,3,460,491,55
1500,4,478,470,67
1501,5,503,455,59
1502,6,509,436,66
1503,0,501,453,64
1504,1,493,456,63
1505,2,502,448,69
1506,3,491,443,72
1507,4,470,460,82
1508,5,455,475,69
1509,6,436,485,59
1510,0,453,478,68
1511,1,456,482,56
1512,2,448,475,60
1513,3,443,466,36
1514,4,460,430,42
1515,5,475,390,54
1516,6,485,375,47
1517,0,478,363,53
1518,1,482,348,57
1519,2,475,349,50
1520,3,466,339,93
1521,4,430,396,54
1522,5,390,408,77
1523,6,375,431,60
1524,0,363,444,71
1525,1,348,462,69
1526,2,349,474,56
1527,3,339,480,61
1528,4,396,448,51
1529,5,408,445,88
1530,6,431,456,58
1531,0,444,454,52
1532,1,462,435,64
1533,2,474,430,61
1534,3,480,435,56
1535,4,448,430,75
1536,5,445,454,61
1537,6,456,427,50
1538,0,454,419,65
1539,1,435,432,55
1540,2,430,423,72
1541,3,435,434,66
1542,4,430,444,65
1543,5,454,434,66
1544,6,427,439,65
1545,0,419,454,63
1546,1,432,452,79
1547,2,423,476,98
1548,3,434,502,67
1549,4,444,503,67
1550,5,434,505,81
1551,6,439,520,89
1552,0,454,544,64
1553,1,452,545,76
1554,2,476,542,84
1555,3,502,528,58
1556,4,503,519,50
1557,5,505,502,83
1558,6,520,504,49
1559,0,544,464,75
1560,1,545,475,61
1561,2,542,460,56
1562,3,528,432,67
1563,4,519,441,73
1564,5,502,464,85
1565,6,504,466,76
1566,0,464,493,70
1567,1,475,488,71
1568,2,460,498,45
1569,3,432,487,61
1570,4,441,481,60
1571,5,464,468,74
1572,6,466,457,64
1573,0,493,445,67
1574,1,488,442,52
1575,2,498,423,47
1576,3,487,425,67
1577,4,481,431,78
1578,5,468,449,79
1579,6,457,454,47
1580,0,445,437,72
1581,1,442,442,72
1582,2,423,462,45
1583,3,425,460,55
1584,4,431,448,72
1585,5,449,442,71
1586,6,454,434,69
1587,0,437,456,68
1588,1,442,452,68
1589,2,462,448,64
1590,3,460,467,69
1591,4,448,481,89
1592,5,442,498,70
1593,6,434,497,51
1594,0,456,479,64
1595,1,452,475,67
1596,2,448,474,65
1597,3,467,475,64
1598,4,481,470,64
1599,5,498,445,63
1600,6,497,438,66
1601,0,479,453,60
1602,1,475,449,66
1603,2,474,448,57
1604,3,475,440,56
1605,4,470,432,70
1606,5,445,438,73
1607,6,438,448,37
1608,0,453,419,40
1609,1,449,399,70
1610,2,448,403,62
1611,3,440,408,58
1612,4,432,410,74
1613,5,438,414,77
1614,6,448,418,45
1615,0,419,426,63
1616,1,399,449,63
1617,2,403,442,48
1618,3,408,428,39
1619,4,410,409,65
1620,5,414,400,62
1621,6,418,385,70
1622,0,426,410,84
1623,1,449,431,64
1624,2,442,432,58
1625,3,428,442,56
1626,4,409,459,82
1627,5,400,476,82
1628,6,385,496,67
1629,0,410,493,62
1630,1,431,471,66
1631,2,432,473,72
1632,3,442,487,52
1633,4,459,483,79
1634,5,476,480,78
1635,6,496,476,72
1636,0,493,481,38
1637,1,471,457,61
1638,2,473,452,56
1639,3,487,436,71
1640,4,483,455,69
1641,5,480,445,70
1642,6,476,437,82
1643,0,481,447,67
1644,1,457,476,57
1645,2,452,472,85
1646,3,436,501,61
1647,4,455,491,67
1648,5,445,489,76
1649,6,437,495,78
1650,0,447,491,91
1651,1,476,515,70
1652,2,472,528,68
1653,3,501,511,61
1654,4,491,511,80
1655,5,489,524,81
1656,6,495,529,61
1657,0,491,512,65
1658,1,515,486,71
1659,2,528,487,64
1660,3,511,483,72
1661,4,511,494,71
1662,5,524,485,82
1663,6,529,486,49
1664,0,512,474,80
1665,1,486,489,68
1666,2,487,486,79
1667,3,483,501,70
1668,4,494,499,81
1669,5,485,509,80
1670,6,486,507,61
1671,0,474,519,68
1672,1,489,507,61
1673,2,486,500,61
1674,3,501,482,72
1675,4,499,484,92
1676,5,509,495,77
1677,6,507,492,51
1678,0,519,482,61
1679,1,507,475,57
1680,2,500,471,55
1681,3,482,465,77
1682,4,484,470,85
1683,5,495,463,78
1684,6,492,464,67
1685,0,482,480,62
1686,1,475,481,52
1687,2,471,476,70
1688,3,465,491,65
1689,4,470,479,82
1690,5,463,476,78
1691,6,464,476,81
1692,0,480,490,71
1693,1,481,499,63
1694,2,476,510,50
1695,3,491,490,74
1696,4,479,499,67
1697,5,476,484,75
1698,6,476,481,60
1699,0,490,460,69
1700,1,499,458,84
1701,2,510,479,69
1702,3,490,498,75
1703,4,499,499,66
1704,5,484,498,84
1705,6,481,507,57
1706,0,460,504,51
1707,1,458,486,56
1708,2,479,458,75
1709,3,498,464,63
1710,4,499,452,69
1711,5,498,455,80
1712,6,507,451,67
1713,0,504,461,78
1714,1,486,488,60
1715,2,458,492,45
1716,3,464,462,71
1717,4,452,470,67
1718,5,455,468,70
1719,6,451,458,54
1720,0,461,445,85
1721,1,488,452,66
1722,2,492,458,55
1723,3,462,468,65
1724,4,470,462,85
1725,5,468,480,62
1726,6,458,472,52
1727,0,445,470,62
1728,1,452,447,66
1729,2,458,447,96
1730,3,468,488,79
1731,4,462,502,76
1732,5,480,493,78
1733,6,472,509,56
1734,0,470,513,75
1735,1,447,526,76
1736,2,447,536,76
1737,3,488,516,52
1738,4,502,489,53
1739,5,493,466,66
1740,6,509,454,75
1741,0,513,473,83
1742,1,526,481,60
1743,2,536,465,54
1744,3,516,443,64
1745,4,489,455,63
1746,5,466,465,85
1747,6,454,484,68
1748,0,473,477,48
1749,1,481,442,48
1750,2,465,430,64
1751,3,443,440,78
1752,4,455,454,78
1753,5,465,469,73
1754,6,484,457,52
1755,0,477,441,61
1756,1,442,454,49
1757,2,430,455,62
1758,3,440,453,81
1759,4,454,456,79
1760,5,469,457,53
1761,6,457,437,57
1762,0,441,442,51
1763,1,454,432,74
1764,2,455,457,79
1765,3,453,474,66
1766,4,456,459,65
1767,5,457,445,58
1768,6,437,450,58
1769,0,442,451,54
1770,1,432,454,58
1771,2,457,438,66
1772,3,474,425,39
1773,4,459,398,82
1774,5,445,415,63
1775,6,450,420,75
1776,0,451,437,58
1777,1,454,441,55
1778,2,438,438,72
1779,3,425,444,51
1780,4,398,456,47
1781,5,415,421,64
1782,6,420,422,61
1783,0,437,408,64
1784,1,441,414,61
1785,2,438,420,70
1786,3,444,418,40
1787,4,456,407,65
1788,5,421,425,67
1789,6,422,428,70
1790,0,408,437,65
1791,1,414,438,65
1792,2,420,442,59
1793,3,418,431,88
1794,4,407,479,66
1795,5,425,480,71
1796,6,428,484,67
1797,0,437,481,59
1798,1,438,475,45
1799,2,442,455,66
1800,3,431,462,51
1801,4,479,425,62
1802,5,480,421,64
1803,6,484,414,51
1804,0,481,398,64
1805,1,475,403,70
1806,2,455,428,57
1807,3,462,419,70
1808,4,425,438,61
1809,5,421,437,61
1810,6,414,434,0
1811,0,398,383,66
1812,1,403,385,53
1813,2,428,368,73
1814,3,419,384,57
1815,4,438,371,73
1816,5,437,383,50
1817,6,434,372,55
1818,0,383,427,60
1819,1,385,421,33
1820,2,368,401,54
1821,3,384,382,58
1822,4,371,383,70
1823,5,383,380,43
1824,6,372,373,68
1825,0,427,386,68
1826,1,421,394,90
1827,2,401,451,66
1828,3,382,463,57
1829,4,383,462,64
1830,5,380,456,50
1831,6,373,463,57
1832,0,386,452,70
1833,1,394,454,60
1834,2,451,424,52
1835,3,463,410,59
1836,4,462,412,86
1837,5,456,434,74
1838,6,463,458,62
1839,0,452,463,74
1840,1,454,467,73
1841,2,424,480,86
1842,3,410,514,52
1843,4,412,507,87
1844,5,434,508,52
1845,6,458,486,76
1846,0,463,500,75
1847,1,467,501,75
1848,2,480,503,61
1849,3,514,478,46
1850,4,507,472,61
1851,5,508,446,61
1852,6,486,455,48
1853,0,500,427,66
1854,1,501,418,72
1855,2,503,415,73
1856,3,478,427,65
1857,4,472,446,82
1858,5,446,467,54
1859,6,455,460,51
1860,0,427,463,58
1861,1,418,455,47
1862,2,415,430,61
1863,3,427,418,60
1864,4,446,413,90
1865,5,467,421,64
1866,6,460,431,70
1867,0,463,450,52
1868,1,455,444,60
1869,2,430,457,52
1870,3,418,448,68
1871,4,413,456,92
1872,5,421,458,60
1873,6,431,454,60
1874,0,450,444,46
1875,1,444,438,55
1876,2,457,433,76
1877,3,448,457,77
1878,4,456,466,77
1879,5,458,451,65
1880,6,454,456,63
1881,0,444,459,74
1882,1,438,487,70
1883,2,433,502,92
1884,3,457,518,59
1885,4,466,500,70
1886,5,451,493,90
1887,6,456,518,60
1888,0,459,515,48
1889,1,487,489,60
1890,2,502,479,69
1891,3,518,456,61
1892,4,500,458,63
1893,5,493,451,90
1894,6,518,451,61
1895,0,515,452,68
1896,1,489,472,76
1897,2,479,488,60
1898,3,456,479,68
1899,4,458,486,76
1900,5,451,499,71
1901,6,451,480,50
1902,0,452,469,73
1903,1,472,474,66
1904,2,488,464,56
1905,3,479,460,56
1906,4,486,448,71
1907,5,499,443,55
1908,6,480,427,59
1909,0,469,436,52
1910,1,474,415,63
1911,2,464,412,68
1912,3,460,424,75
1913,4,448,443,93
1914,5,443,465,80
1915,6,427,490,47
1916,0,436,478,50
1917,1,415,476,56
1918,2,412,469,45
1919,3,424,446,66
1920,4,443,437,61
1921,5,465,405,68
1922,6,490,393,57
1923,0,478,403,72
1924,1,476,425,66
1925,2,469,435,75
1926,3,446,465,90
1927,4,437,489,96
1928,5,405,524,82
1929,6,393,538,68
1930,0,403,549,69
1931,1,425,546,69
1932,2,435,549,69
1933,3,465,543,68
1934,4,489,521,72
1935,5,524,497,66
1936,6,538,481,76
1937,0,549,489,68
1938,1,546,488,51
1939,2,549,470,67
1940,3,543,468,74
1941,4,521,474,75
1942,5,497,477,66
1943,6,481,477,63
1944,0,489,464,56
1945,1,488,452,60
1946,2,470,461,48
1947,3,468,442,92
1948,4,474,460,75
1949,5,477,460,63
1950,6,477,457,69
1951,0,464,463,53
1952,1,452,460,79
1953,2,461,479,63
1954,3,442,494,74
1955,4,460,476,68
1956,5,460,469,77
1957,6,457,483,63
1958,0,463,477,55
1959,1,460,479,61
1960,2,479,461,58
1961,3,494,456,49
1962,4,476,431,74
1963,5,469,437,75
1964,6,483,435,69
1965,0,477,441,50
1966,1,479,436,64
1967,2,461,439,60
1968,3,456,441,67
1969,4,431,459,81
1970,5,437,466,60
1971,6,435,451,52
1972,0,441,434,66
1973,1,436,450,50
1974,2,439,436,47
1975,3,441,423,65
1976,4,459,421,96
1977,5,466,436,57
1978,6,451,433,85
1979,0,434,466,52
1980,1,450,452,53
1981,2,436,455,59
1982,3,423,467,54
1983,4,421,456,82
1984,5,436,442,49
1985,6,433,434,65
1986,0,466,414,50
1987,1,452,412,47
1988,2,455,406,59
1989,3,467,406,52
1990,4,456,404,73
1991,5,442,395,75
1992,6,434,421,60
1993,0,414,416,40
1994,1,412,406,45
1995,2,406,404,57
1996,3,406,402,48
1997,4,404,398,82
1998,5,395,407,58
1999,6,421,390,64
2000,0,416,394,68
2001,1,406,422,66
2002,2,404,443,53
2003,3,402,439,62
2004,4,398,453,62
2005,5,407,433,80
2006,6,390,455,52
2007,0,394,443,73
2008,1,422,448,84
2009,2,443,466,72
2010,3,439,485,64
2011,4,453,487,80
2012,5,433,505,59
2013,6,455,484,67
2014,0,443,499,60
2015,1,448,486,46
2016,2,466,448,67
2017,3,485,443,62
2018,4,487,441,74
2019,5,505,435,86
2020,6,484,462,72
2021,0,499,467,66
2022,1,486,473,54
2023,2,448,481,58
2024,3,443,472,71
2025,4,441,481,75
2026,5,435,482,57
2027,6,462,453,60
2028,0,467,441,47
2029,1,473,422,69
2030,2,481,437,67
2031,3,472,446,71
2032,4,481,446,74
2033,5,482,445,65
2034,6,453,453,63
2035,0,441,456,72
2036,1,422,481,66
2037,2,437,478,71
2038,3,446,482,54
2039,4,446,465,0
2040,5,445,391,57
2041,6,453,383,56
2042,0,456,376,75
2043,1,481,379,54
2044,2,478,367,35
2045,3,482,331,54
2046,4,465,331,70
2047,5,391,401,82
2048,6,383,426,69
2049,0,376,439,84
2050,1,379,448,59
2051,2,367,453,73
2052,3,331,491,55
2053,4,331,492,74
2054,5,401,496,62
2055,6,426,476,45
2056,0,439,452,56
2057,1,448,424,58
2058,2,453,423,75
2059,3,491,425,60
2060,4,492,430,82
2061,5,496,438,81
2062,6,476,457,72
2063,0,452,484,64
2064,1,424,492,79
2065,2,423,513,86
2066,3,425,524,71
2067,4,430,535,79
2068,5,438,532,67
2069,6,457,518,91
2070,0,484,537,87
2071,1,492,560,56
2072,2,513,537,46
2073,3,524,497,65
2074,4,535,491,74
2075,5,532,486,92
2076,6,518,511,61
2077,0,537,481,58
2078,1,560,452,67
2079,2,537,463,61
2080,3,497,478,64
2081,4,491,477,81
2082,5,486,484,56
2083,6,511,448,59
2084,0,481,446,62
2085,1,452,450,61
2086,2,463,444,59
2087,3,478,442,76
2088,4,477,454,71
2089,5,484,444,63
2090,6,448,451,53
2091,0,446,445,60
2092,1,450,443,70
2093,2,444,452,75
2094,3,442,468,70
2095,4,454,462,80
2096,5,444,471,85
2097,6,451,493,63
2098,0,445,503,61
2099,1,443,504,78
2100,2,452,512,86
2101,3,468,523,56
2102,4,462,509,61
2103,5,471,490,75
2104,6,493,480,67
2105,0,503,484,78
2106,1,504,501,72
2107,2,512,495,75
2108,3,523,484,55
2109,4,509,483,91
2110,5,490,513,55
2111,6,480,493,72
2112,0,484,498,81
2113,1,501,501,75
2114,2,495,504,77
2115,3,484,506,57
2116,4,483,508,63
2117,5,513,480,85
2118,6,493,510,68
2119,0,498,506,57
2120,1,501,482,69
2121,2,504,476,60
2122,3,506,459,70
2123,4,508,472,84
2124,5,480,493,76
2125,6,510,484,64
2126,0,506,480,54
2127,1,482,477,72
2128,2,476,480,82
2129,3,459,502,69
2130,4,472,501,81
2131,5,493,498,90
2132,6,484,512,58
2133,0,480,506,69
2134,1,477,521,79
2135,2,480,528,72
2136,3,502,518,64
2137,4,501,513,60
2138,5,498,492,60
2139,6,512,462,71
2140,0,506,475,88
2141,1,521,494,75
2142,2,528,490,65
2143,3,518,483,83
2144,4,513,502,92
2145,5,492,534,83
2146,6,462,557,64
2147,0,475,550,78
2148,1,494,540,58
2149,2,490,523,70
2150,3,483,528,60
2151,4,502,505,89
2152,5,534,502,78
2153,6,557,497,62
2154,0,550,495,70
2155,1,540,487,62
2156,2,523,491,64
2157,3,528,485,48
2158,4,505,473,53
2159,5,502,437,60
2160,6,497,419,69
2161,0,495,426,79
2162,1,487,435,62
2163,2,491,435,59
2164,3,485,430,65
2165,4,473,447,67
2166,5,437,461,78
2167,6,419,479,66
2168,0,426,476,71
2169,1,435,468,62
2170,2,435,468,70
2171,3,430,479,80
2172,4,447,494,65
2173,5,461,492,75
2174,6,479,489,47
2175,0,476,470,56
2176,1,468,455,71
2177,2,468,464,67
2178,3,479,461,71
2179,4,494,452,83
2180,5,492,470,74
2181,6,489,469,69
2182,0,470,491,77
2183,1,455,512,46
2184,2,464,487,64
2185,3,461,484,33
2186,4,452,446,39
2187,5,470,402,77
2188,6,469,405,62
2189,0,491,398,66
2190,1,512,387,70
2191,2,487,411,68
2192,3,484,415,107
2193,4,446,489,47
2194,5,402,497,71
2195,6,405,491,61
2196,0,398,490,45
2197,1,387,469,48
2198,2,411,447,53
2199,3,415,432,72
2200,4,489,397,75
2201,5,497,425,77
2202,6,491,431,52
2203,0,490,422,47
2204,1,469,424,59
2205,2,447,435,54
2206,3,432,436,69
2207,4,397,433,82
2208,5,425,440,72
2209,6,431,435,67
2210,0,422,450,62
2211,1,424,465,65
2212,2,435,471,58
2213,3,436,475,55
2214,4,433,461,67
2215,5,440,446,66
2216,6,435,440,66
2217,0,450,439,70
2218,1,465,447,68
2219,2,471,450,53
2220,3,475,445,73
2221,4,461,463,76
2222,5,446,472,74
2223,6,440,480,74
2224,0,439,488,69
2225,1,447,487,60
2226,2,450,479,64
2227,3,445,490,52
2228,4,463,469,82
2229,5,472,475,68
2230,6,480,469,47
2231,0,488,442,61
2232,1,487,434,63
2233,2,479,437,58
2234,3,490,431,71
2235,4,469,450,68
2236,5,475,436,76
2237,6,469,444,48
2238,0,442,445,52
2239,1,434,436,42
2240,2,437,415,63
2241,3,431,420,81
2242,4,450,430,71
2243,5,436,433,69
2244,6,444,426,65
2245,0,445,443,62
2246,1,436,453,76
2247,2,415,487,50
2248,3,420,474,63
2249,4,430,456,81
2250,5,433,466,76
2251,6,426,473,78
2252,0,443,486,49
2253,1,453,473,75
2254,2,487,472,63
2255,3,474,485,64
2256,4,456,486,77
2257,5,466,482,72
2258,6,473,478,43
2259,0,486,443,64
2260,1,473,458,50
2261,2,472,433,65
2262,3,485,435,59
2263,4,486,430,85
2264,5,482,438,75
2265,6,478,441,54
2266,0,443,452,57
2267,1,458,445,78
2268,2,433,473,71
2269,3,435,479,54
2270,4,430,474,83
2271,5,438,472,56
2272,6,441,453,76
2273,0,452,475,70
2274,1,445,488,71
2275,2,473,481,64
2276,3,479,474,83
2277,4,474,503,67
2278,5,472,487,68
2279,6,453,499,91
2280,0,475,514,70
2281,1,488,514,58
2282,2,481,501,80
2283,3,474,517,54
2284,4,503,488,71
2285,5,487,492,80
2286,6,499,504,60
2287,0,514,473,80
2288,1,514,483,73
2289,2,501,498,79
2290,3,517,497,65
2291,4,488,508,66
2292,5,492,503,68
2293,6,504,491,70
2294,0,473,501,49
2295,1,483,470,87
2296,2,498,484,67
2297,3,497,472,55
2298,4,508,462,61
2299,5,503,457,67
2300,6,491,456,60
2301,0,501,446,67
2302,1,470,464,71
2303,2,484,448,86
2304,3,472,467,71
2305,4,462,483,65
2306,5,457,487,64
2307,6,456,484,64
2308,0,446,488,52
2309,1,464,473,68
2310,2,448,470,85
2311,3,467,469,77
2312,4,483,475,75
2313,5,487,485,55
2314,6,484,476,64
2315,0,488,476,46
2316,1,473,470,65
2317,2,470,467,65
2318,3,469,447,64
2319,4,475,434,66
2320,5,485,425,51
2321,6,476,421,44
2322,0,476,401,64
2323,1,470,419,72
2324,2,467,426,59
2325,3,447,420,66
2326,4,434,422,79
2327,5,425,435,71
2328,6,421,455,108
2329,0,401,519,59
2330,1,419,514,67
2331,2,426,509,58
2332,3,420,508,52
2333,4,422,494,62
2334,5,435,477,52
2335,6,455,458,51
2336,0,519,401,44
2337,1,514,386,64
2338,2,509,383,52
2339,3,508,377,57
2340,4,494,382,77
2341,5,477,397,79
2342,6,458,424,62
2343,0,401,435,69
2344,1,386,460,56
2345,2,383,452,57
2346,3,377,457,43
2347,4,382,443,72
2348,5,397,438,67
2349,6,424,426,62
2350,0,435,426,51
2351,1,460,408,52
2352,2,452,404,0
2353,3,457,347,56
2354,4,443,360,73
2355,5,438,361,66
2356,6,426,360,52
2357,0,426,350,60
2358,1,408,359,60
2359,2,404,367,61
2360,3,347,428,58
2361,4,360,430,54
2362,5,361,411,49
2363,6,360,394,57
2364,0,350,399,78
2365,1,359,417,57
2366,2,367,414,55
2367,3,428,408,60
2368,4,430,410,61
2369,5,411,417,63
2370,6,394,431,71
2371,0,399,445,58
2372,1,417,425,47
2373,2,414,415,50
2374,3,408,410,53
2375,4,410,403,90
2376,5,417,432,74
2377,6,431,443,65
2378,0,445,437,70
2379,1,425,449,49
2380,2,415,451,66
2381,3,410,467,47
2382,4,403,461,71
2383,5,432,442,60
2384,6,443,428,67
2385,0,437,430,71
2386,1,449,431,66
2387,2,451,448,55
2388,3,467,437,67
2389,4,461,457,72
2390,5,442,458,74
2391,6,428,472,75
2392,0,430,480,59
2393,1,431,468,67
2394,2,448,469,63
2395,3,437,477,55
2396,4,457,465,83
2397,5,458,476,71
2398,6,472,473,72
2399,0,480,470,65
2400,1,468,476,69
2401,2,469,478,64
2402,3,477,479,75
2403,4,465,499,64
2404,5,476,480,100
2405,6,473,509,58
2406,0,470,495,56
2407,1,476,486,71
2408,2,478,488,73
2409,3,479,497,69
2410,4,499,491,75
2411,5,480,502,81
2412,6,509,483,56
2413,0,495,481,74
2414,1,486,499,65
2415,2,488,493,61
2416,3,497,481,50
2417,4,491,462,72
2418,5,502,459,86
2419,6,483,464,73
2420,0,481,481,51
2421,1,499,458,70
2422,2,493,463,63
2423,3,481,465,62
2424,4,462,477,74
2425,5,459,479,65
2426,6,464,458,69
2427,0,481,454,84
2428,1,458,487,93
2429,2,463,510,73
2430,3,465,520,66
2431,4,477,524,87
2432,5,479,537,64
2433,6,458,536,76
2434,0,454,543,53
2435,1,487,512,69
2436,2,510,488,65
2437,3,520,480,51
2438,4,524,465,88
2439,5,537,466,51
2440,6,536,453,79
2441,0,543,456,62
2442,1,512,465,58
2443,2,488,454,43
2444,3,480,432,65
2445,4,465,446,63
2446,5,466,421,77
2447,6,453,447,93
2448,0,456,461,46
2449,1,465,445,65
2450,2,454,452,67
2451,3,432,476,68
2452,4,446,479,80
2453,5,421,496,64
2454,6,447,483,61
2455,0,461,451,58
2456,1,445,463,73
2457,2,452,471,66
2458,3,476,470,73
2459,4,479,475,59
2460,5,496,454,70
2461,6,483,460,76
2462,0,451,475,48
2463,1,463,465,83
2464,2,471,475,58
2465,3,470,467,55
2466,4,475,449,83
2467,5,454,473,73
2468,6,460,476,71
2469,0,475,471,60
2470,1,465,483,68
2471,2,475,468,67
2472,3,467,477,52
2473,4,449,474,68
2474,5,473,459,85
2475,6,476,471,63
2476,0,471,463,60
2477,1,483,463,66
2478,2,468,461,77
2479,3,477,471,73
2480,4,474,492,64
2481,5,459,488,67
2482,6,471,470,67
2483,0,463,474,47
2484,1,463,461,66
2485,2,461,461,55
2486,3,471,439,65
2487,4,492,431,95
2488,5,488,462,74
2489,6,470,469,62
2490,0,474,464,76
2491,1,461,493,64
2492,2,461,491,54
2493,3,439,490,69
2494,4,431,494,51
2495,5,462,450,67
2496,6,469,443,94
2497,0,464,475,65
2498,1,493,464,51
2499,2,491,451,71
2500,3,490,468,63
2501,4,494,462,76
2502,5,450,487,79
2503,6,443,499,90
2504,0,475,495,56
2505,1,464,486,55
2506,2,451,490,60
2507,3,468,479,50
2508,4,462,466,81
2509,5,487,471,46
2510,6,499,438,66
2511,0,495,414,61
2512,1,486,419,52
2513,2,490,416,73
2514,3,479,429,73
2515,4,466,452,64
2516,5,471,435,66
2517,6,438,455,51
2518,0,414,440,90
2519,1,419,469,88
2520,2,416,505,64
2521,3,429,496,64
2522,4,452,487,50
2523,5,435,473,49
2524,6,455,456,56
2525,0,440,461,56
2526,1,469,427,67
2527,2,505,406,67
2528,3,496,409,57
2529,4,487,402,76
2530,5,473,428,62
2531,6,456,441,66
2532,0,461,451,57
2533,1,427,452,52
2534,2,406,437,49
2535,3,409,419,39
2536,4,402,401,52
2537,5,428,377,52
2538,6,441,367,51
2539,0,451,352,79
2540,1,452,374,71
2541,2,437,393,52
2542,3,419,396,76
2543,4,401,433,65
2544,5,377,446,69
2545,6,367,463,66
2546,0,352,478,80
2547,1,374,479,72
2548,2,393,480,68
2549,3,396,496,55
2550,4,433,475,44
2551,5,446,454,46
2552,6,463,431,63
2553,0,478,428,55
2554,1,479,403,49
2555,2,480,380,74
2556,3,496,386,69
2557,4,475,400,108
2558,5,454,464,67
2559,6,431,485,60
2560,0,428,482,47
2561,1,403,474,53
2562,2,380,478,68
2563,3,386,472,59
2564,4,400,462,69
2565,5,464,423,55
2566,6,485,411,79
2567,0,482,430,59
2568,1,474,442,67
2569,2,478,456,65
2570,3,472,453,58
2571,4,462,452,80
2572,5,423,463,66
2573,6,411,474,49
2574,0,430,444,69
2575,1,442,454,59
2576,2,456,446,65
2577,3,453,446,53
2578,4,452,441,80
2579,5,463,441,61
2580,6,474,436,65
2581,0,444,452,43
2582,1,454,426,42
2583,2,446,409,62
2584,3,446,406,54
2585,4,441,407,67
2586,5,441,394,79
2587,6,436,412,39
2588,0,452,386,70
2589,1,426,413,58
2590,2,409,429,62
2591,3,406,429,63
2592,4,407,438,76
2593,5,394,447,67
2594,6,412,435,54
2595,0,386,450,69
2596,1,413,449,62
2597,2,429,453,82
2598,3,429,473,66
2599,4,438,476,69
2600,5,447,469,78
2601,6,435,480,57
2602,0,450,483,51
2603,1,449,465,59
2604,2,453,462,79
2605,3,473,459,55
2606,4,476,448,52
2607,5,469,431,54
2608,6,480,407,49
2609,0,483,399,71
2610,1,465,419,54
2611,2,462,414,54
2612,3,459,389,59
2613,4,448,393,65
2614,5,431,406,58
2615,6,407,410,49
2616,0,399,410,70
2617,1,419,409,54
2618,2,414,409,57
2619,3,389,412,50
2620,4,393,403,60
2621,5,406,398,54
2622,6,410,394,52
2623,0,410,397,51
2624,1,409,378,47
2625,2,409,371,50
2626,3,412,364,56
2627,4,403,370,65
2628,5,398,375,61
2629,6,394,382,64
2630,0,397,394,45
2631,1,378,388,57
2632,2,371,398,63
2633,3,364,411,62
2634,4,370,417,68
2635,5,375,420,63
2636,6,382,422,54
2637,0,394,412,41
2638,1,388,408,56
2639,2,398,407,59
2640,3,411,403,64
2641,4,417,405,57
2642,5,420,394,57
2643,6,422,388,57
2644,0,412,391,50
2645,1,408,400,56
2646,2,407,400,60
2647,3,403,401,76
2648,4,405,413,53
2649,5,394,409,59
2650,6,388,411,37
2651,0,391,391,50
2652,1,400,391,40
2653,2,400,375,50
2654,3,401,365,42
2655,4,413,331,56
2656,5,409,334,70
2657,6,411,345,31
2658,0,391,339,40
2659,1,391,329,65
2660,2,375,354,50
2661,3,365,354,49
2662,4,331,361,67
2663,5,334,372,61
2664,6,345,363,52
2665,0,339,384,54
2666,1,329,398,59
2667,2,354,392,51
2668,3,354,393,46
2669,4,361,390,52
2670,5,372,375,53
2671,6,363,367,43
2672,0,384,358,51
2673,1,398,355,65
2674,2,392,361,51
2675,3,393,361,51
2676,4,390,366,60
2677,5,375,374,56
2678,6,367,377,55
2679,0,358,389,56
2680,1,355,394,54
2681,2,361,383,70
2682,3,361,402,48
2683,4,366,399,68
2684,5,374,407,89
2685,6,377,440,42
2686,0,389,427,62
2687,1,394,433,38
2688,2,383,417,48
2689,3,402,395,81
2690,4,399,428,88
2691,5,407,448,71
2692,6,440,430,88
2693,0,427,476,41
2694,1,433,455,47
2695,2,417,464,67
2696,3,395,483,53
2697,4,428,455,60
2698,5,448,427,57
2699,6,430,413,48
2700,0,476,373,41
2701,1,455,373,46
2702,2,464,372,61
2703,3,483,366,49
2704,4,455,362,48
2705,5,427,350,60
2706,6,413,353,58
2707,0,373,363,43
2708,1,373,365,48
2709,2,372,367,52
2710,3,366,358,43
2711,4,362,352,73
2712,5,350,377,62
2713,6,353,379,69
2714,0,363,390,49
2715,1,365,396,47
2716,2,367,395,53
2717,3,358,396,35
2718,4,352,388,42
2719,5,377,357,68
2720,6,379,363,54
2721,0,390,348,58
2722,1,396,357,54
2723,2,395,364,51
2724,3,396,362,55
2725,4,388,382,71
2726,5,357,411,63
2727,6,363,406,49
2728,0,348,401,41
2729,1,357,384,39
2730,2,364,369,59
2731,3,362,377,51
2732,4,382,373,76
2733,5,411,378,86
2734,6,406,401,50
2735,0,401,402,63
2736,1,384,424,50
2737,2,369,435,46
2738,3,377,422,59
2739,4,373,430,71
2740,5,378,425,63
2741,6,401,402,60
2742,0,402,412,52
2743,1,424,401,49
2744,2,435,400,50
2745,3,422,404,35
2746,4,430,380,55
2747,5,425,364,57
2748,6,402,358,43
2749,0,412,341,40
2750,1,401,329,52
2751,2,400,332,63
2752,3,404,345,70
2753,4,380,380,69
2754,5,364,394,66
2755,6,358,403,58
2756,0,341,418,52
2757,1,329,430,49
2758,2,332,427,59
2759,3,345,423,64
2760,4,380,417,64
2761,5,394,412,58
2762,6,403,404,44
2763,0,418,390,49
2764,1,430,387,44
2765,2,427,382,55
2766,3,423,378,47
2767,4,417,361,55
2768,5,412,352,50
2769,6,404,344,51
2770,0,390,351,39
2771,1,387,341,49
2772,2,382,346,57
2773,3,378,348,46
2774,4,361,347,61
2775,5,352,353,57
2776,6,344,360,45
2777,0,351,354,42
2778,1,341,357,50
2779,2,346,358,45
2780,3,348,346,49
2781,4,347,349,56
2782,5,353,344,54
2783,6,360,341,51
2784,0,354,347,41
2785,1,357,346,52
2786,2,358,348,46
2787,3,346,349,59
2788,4,349,359,59
2789,5,344,362,40
2790,6,341,348,58
2791,0,347,355,60
2792,1,346,374,56
2793,2,348,378,53
2794,3,349,385,58
2795,4,359,384,60
2796,5,362,385,57
2797,6,348,402,55
2798,0,355,399,44
2799,1,374,383,62
2800,2,378,389,76
2801,3,385,412,48
2802,4,384,402,76
2803,5,385,418,69
2804,6,402,430,58
2805,0,399,433,55
2806,1,383,444,63
2807,2,389,445,53
2808,3,412,422,56
2809,4,402,430,61
2810,5,418,415,52
2811,6,430,398,58
2812,0,433,398,51
2813,1,444,394,52
2814,2,445,383,42
2815,3,422,372,40
2816,4,430,356,42
2817,5,415,337,64
2818,6,398,349,62
2819,0,398,353,40
2820,1,394,342,55
2821,2,383,345,57
2822,3,372,360,70
2823,4,356,390,59
2824,5,337,407,68
2825,6,349,411,31
2826,0,353,380,64
2827,1,342,404,49
2828,2,345,398,76
2829,3,360,417,53
2830,4,390,400,102
2831,5,407,443,60
2832,6,411,435,50
2833,0,380,454,53
2834,1,404,443,60
2835,2,398,454,52
2836,3,417,430,73
2837,4,400,450,88
2838,5,443,436,95
2839,6,435,471,62
2840,0,454,483,55
2841,1,443,485,53
2842,2,454,478,66
2843,3,430,492,56
2844,4,450,475,52
2845,5,436,439,76
2846,6,471,420,65
2847,0,483,423,43
2848,1,485,411,68
2849,2,478,426,74
2850,3,492,434,67
2851,4,475,445,65
2852,5,439,458,63
2853,6,420,445,59
2854,0,423,439,46
2855,1,411,442,38
2856,2,426,412,65
2857,3,434,403,54
2858,4,445,390,65
2859,5,458,390,68
2860,6,445,395,75
2861,0,439,411,77
2862,1,442,442,55
2863,2,412,459,73
2864,3,403,467,63
2865,4,390,476,57
2866,5,390,468,46
2867,6,395,446,66
2868,0,411,437,57
2869,1,442,417,51
2870,2,459,413,62
2871,3,467,402,59
2872,4,476,398,60
2873,5,468,401,60
2874,6,446,415,61
2875,0,437,410,61
2876,1,417,414,59
2877,2,413,422,51
2878,3,402,411,46
2879,4,398,398,61
2880,5,401,399,51
2881,6,415,390,53
2882,0,410,382,55
2883,1,414,376,42
2884,2,422,359,60
2885,3,411,368,36
2886,4,398,358,49
2887,5,399,346,43
2888,6,390,338,61
2889,0,382,346,59
2890,1,376,350,53
2891,2,359,361,58
2892,3,368,359,52
2893,4,358,375,56
2894,5,346,382,33
2895,6,338,372,57
2896,0,346,368,45
2897,1,350,354,39
2898,2,361,340,50
2899,3,359,332,65
2900,4,375,345,52
2901,5,382,341,59
2902,6,372,367,65
2903,0,368,375,64
2904,1,354,394,57
2905,2,340,412,53
2906,3,332,415,56
2907,4,345,406,59
2908,5,341,413,63
2909,6,367,417,65
2910,0,375,417,49
2911,1,394,402,56
2912,2,412,401,57
2913,3,415,405,51
2914,4,406,400,53
2915,5,413,394,28
2916,6,417,359,34
2917,0,417,328,58
2918,1,402,337,48
2919,2,401,329,42
2920,3,405,314,46
2921,4,400,309,66
2922,5,394,322,69
2923,6,359,363,38
2924,0,328,367,49
2925,1,337,358,50
2926,2,329,360,60
2927,3,314,378,48
2928,4,309,380,59
2929,5,322,373,58
2930,6,363,362,55
2931,0,367,379,51
2932,1,358,381,62
2933,2,360,393,75
2934,3,378,408,53
2935,4,380,413,57
2936,5,373,411,52
2937,6,362,405,72
2938,0,379,422,53
2939,1,381,424,61
2940,2,393,423,60
2941,3,408,408,58
2942,4,413,413,56
2943,5,411,412,56
2944,6,405,416,38
2945,0,422,382,54
2946,1,424,383,52
2947,2,423,374,63
2948,3,408,377,58
2949,4,413,377,65
2950,5,412,386,47
2951,6,416,377,50
2952,0,382,389,62
2953,1,383,397,58
2954,2,374,403,51
2955,3,377,391,54
2956,4,377,387,72
2957,5,386,394,79
2958,6,377,426,65
2959,0,389,441,54
2960,1,397,433,53
2961,2,403,428,47
2962,3,391,424,56
2963,4,387,426,73
2964,5,394,427,61
2965,6,426,409,45
2966,0,441,389,50
2967,1,433,385,45
2968,2,428,377,46
2969,3,424,376,57
2970,4,426,377,52
2971,5,427,356,62
2972,6,409,357,55
2973,0,389,367,47
2974,1,385,364,51
2975,2,377,370,49
2976,3,376,373,55
2977,4,377,371,50
2978,5,356,369,56
2979,6,357,363,45
2980,0,367,353,71
2981,1,364,377,74
2982,2,370,400,65
2983,3,373,416,51
2984,4,371,412,71
2985,5,369,433,43
2986,6,363,420,69
2987,0,353,444,36
2988,1,377,409,44
2989,2,400,379,57
2990,3,416,371,45
2991,4,412,365,55
2992,5,433,349,67
2993,6,420,373,58
2994,0,444,362,55
2995,1,409,381,57
2996,2,379,394,54
2997,3,371,391,58
2998,4,365,404,57
2999,5,349,406,54
3000,6,373,393,50
3001,0,362,385,55
3002,1,381,385,46
3003,2,394,374,50
3004,3,391,370,38
3005,4,404,350,65
3006,5,406,358,70
3007,6,393,374,46
3008,0,385,370,43
3009,1,385,358,62
3010,2,374,374,64
3011,3,370,388,60
3012,4,350,410,61
3013,5,358,406,64
3014,6,374,400,55
3015,0,370,409,45
3016,1,358,411,44
3017,2,374,393,67
3018,3,388,396,53
3019,4,410,389,62
3020,5,406,390,59
3021,6,400,385,43
3022,0,409,373,74
3023,1,411,402,52
3024,2,393,410,53
3025,3,396,396,43
3026,4,389,386,57
3027,5,390,381,57
3028,6,385,379,52
3029,0,373,388,49
3030,1,402,363,69
3031,2,410,380,62
3032,3,396,389,60
3033,4,386,406,67
3034,5,381,416,70
3035,6,379,429,57
3036,0,388,434,63
3037,1,363,448,45
3038,2,380,424,57
3039,3,389,419,62
3040,4,406,421,49
3041,5,416,403,52
3042,6,429,385,70
3043,0,434,398,45
3044,1,448,380,46
3045,2,424,381,54
3046,3,419,378,67
3047,4,421,383,58
3048,5,403,392,56
3049,6,385,396,52
3050,0,398,378,53
3051,1,380,386,42
3052,2,381,382,53
3053,3,378,381,63
3054,4,383,377,66
3055,5,392,385,65
3056,6,396,394,94
3057,0,378,436,60
3058,1,386,443,54
3059,2,382,455,43
3060,3,381,445,59
3061,4,377,441,57
3062,5,385,432,71
3063,6,394,438,52
3064,0,436,396,52
3065,1,443,388,76
3066,2,455,410,64
3067,3,445,431,43
3068,4,441,415,73
3069,5,432,431,58
3070,6,438,418,61
3071,0,396,427,51
3072,1,388,426,39
3073,2,410,389,61
3074,3,431,386,57
3075,4,415,400,61
3076,5,431,388,54
3077,6,418,384,65
3078,0,427,388,36
3079,1,426,373,56
3080,2,389,390,51
3081,3,386,380,39
3082,4,400,362,45
3083,5,388,346,67
3084,6,384,359,37
3085,0,388,331,45
3086,1,373,340,58
3087,2,390,342,48
3088,3,380,339,55
3089,4,362,355,56
3090,5,346,366,68
3091,6,359,367,63
3092,0,331,393,61
3093,1,340,409,61
3094,2,342,412,55
3095,3,339,419,54
3096,4,355,418,64
3097,5,366,426,64
3098,6,367,422,57
3099,0,393,416,64
3100,1,409,419,47
3101,2,412,405,55
3102,3,419,405,59
3103,4,418,410,80
3104,5,426,426,66
3105,6,422,428,47
3106,0,416,418,64
3107,1,419,418,45
3108,2,405,416,60
3109,3,405,421,47
3110,4,410,409,65
3111,5,426,394,39
3112,6,428,367,54
3113,0,418,374,31
3114,1,418,341,41
3115,2,416,337,40
3116,3,421,317,54
3117,4,409,324,64
3118,5,394,323,48
3119,6,367,332,46
3120,0,374,324,40
3121,1,341,333,43
3122,2,337,335,52
3123,3,317,347,41
3124,4,324,334,70
3125,5,323,340,74
3126,6,332,366,47
3127,0,324,367,57
3128,1,333,384,75
3129,2,335,416,74
3130,3,347,438,54
3131,4,334,451,53
3132,5,340,434,64
3133,6,366,424,49
3134,0,367,426,63
3135,1,384,432,49
3136,2,416,406,63
3137,3,438,395,56
3138,4,451,397,68
3139,5,434,412,52
3140,6,424,400,50
3141,0,426,401,69
3142,1,432,407,53
3143,2,406,411,57
3144,3,395,405,60
3145,4,397,409,55
3146,5,412,396,73
3147,6,400,417,48
3148,0,401,415,57
3149,1,407,403,54
3150,2,411,404,56
3151,3,405,403,48
3152,4,409,391,57
3153,5,396,393,56
3154,6,417,376,55
3155,0,415,383,50
3156,1,403,376,48
3157,2,404,370,34
3158,3,403,348,58
3159,4,391,358,60
3160,5,393,361,66
3161,6,376,371,56
3162,0,383,372,55
3163,1,376,377,63
3164,2,370,392,62
3165,3,348,420,50
3166,4,358,412,63
3167,5,361,415,58
3168,6,371,407,47
3169,0,372,398,49
3170,1,377,392,50
3171,2,392,379,43
3172,3,420,360,47
3173,4,412,357,75
3174,5,415,369,73
3175,6,407,384,68
3176,0,398,405,56
3177,1,392,412,56
3178,2,379,418,63
3179,3,360,438,60
3180,4,357,451,55
3181,5,369,431,58
3182,6,384,416,56
3183,0,405,404,39
3184,1,412,387,51
3185,2,418,382,74
3186,3,438,393,72
3187,4,451,405,77
3188,5,431,427,63
3189,6,416,432,74
3190,0,404,450,73
3191,1,387,484,55
3192,2,382,488,52
3193,3,393,466,52
3194,4,405,446,73
3195,5,427,442,75
3196,6,432,454,60
3197,0,450,440,54
3198,1,484,421,45
3199,2,488,411,74
3200,3,466,433,47
3201,4,446,428,65
3202,5,442,420,73
3203,6,454,418,65
3204,0,440,423,59
3205,1,421,428,53
3206,2,411,436,55
3207,3,433,417,57
3208,4,428,427,64
3209,5,420,426,74
3210,6,418,427,64
3211,0,423,426,56
3212,1,428,423,51
3213,2,436,421,48
3214,3,417,414,66
3215,4,427,423,77
3216,5,426,436,74
3217,6,427,436,45
3218,0,426,417,60
3219,1,423,421,44
3220,2,421,414,47
3221,3,414,413,69
3222,4,423,416,67
3223,5,436,406,71
3224,6,436,403,78
3225,0,417,436,53
3226,1,421,429,77
3227,2,414,462,47
3228,3,413,462,78
3229,4,416,471,55
3230,5,406,459,63
3231,6,403,451,71
3232,0,436,444,55
3233,1,429,446,71
3234,2,462,440,52
3235,3,462,445,56
3236,4,471,423,69
3237,5,459,437,69
3238,6,451,443,46
3239,0,444,418,56
3240,1,446,419,43
3241,2,440,391,61
3242,3,445,400,51
3243,4,423,395,62
3244,5,437,388,69
3245,6,443,388,53
3246,0,418,395,44
3247,1,419,383,49
3248,2,391,389,76
3249,3,400,404,41
3250,4,395,394,73
3251,5,388,405,73
3252,6,388,409,51
3253,0,395,407,41
3254,1,383,404,56
3255,2,389,411,55
3256,3,404,390,80
3257,4,394,429,67
3258,5,405,423,55
3259,6,409,405,66
3260,0,407,420,64
3261,1,404,443,56
3262,2,411,443,82
3263,3,390,470,60
3264,4,429,450,79
3265,5,423,462,63
3266,6,405,470,73
3267,0,420,477,47
3268,1,443,460,56
3269,2,443,460,44
3270,3,470,422,65
3271,4,450,427,57
3272,5,462,405,76
3273,6,470,418,51
3274,0,477,396,44
3275,1,460,393,63
3276,2,460,400,54
3277,3,422,410,54
3278,4,427,399,71
3279,5,405,413,52
3280,6,418,389,20
3281,0,396,358,37
3282,1,393,351,51
3283,2,400,339,57
3284,3,410,342,52
3285,4,399,340,62
3286,5,413,331,77
3287,6,389,356,66
